ID,artist_id,title,jpg url,date,type,size,museum,resolution,color,file_dimension
0,"AACHEN, Hans von",venus and adonis,images/artworks/0.jpg,1574-88,oil on canvas,68 x 95 cm,"fogg art museum, harvard university, cambridge",1700*1211,true color,252 kb
1,"AACHEN, Hans von",procuring scene,images/artworks/1.jpg,1605-10,oil on wood,114 x 130 cm,"kunsthistorisches museum, vienna",1370*1168,true color,212 kb
2,"AACHEN, Hans von",self-portrait with a glass of wine,images/artworks/2.jpg,c. 1596,oil on canvas,53 x 44 cm,private collection,896*1074,true color,57 kb
3,"AACHEN, Hans von",two laughing men (self-portrait),images/artworks/3.jpg,before 1574,oil on panel,48 x 39 cm,"archdiocesan museum, kromeriz",1173*1500,true color,210 kb
4,"AACHEN, Hans von",portrait of emperor rudolf ii,images/artworks/4.jpg,1606-08,oil on canvas,60 x 48 cm,"kunsthistorisches museum, vienna",1149*1500,true color,247 kb
5,"AACHEN, Hans von",boy with grapes,images/artworks/5.jpg,1600-05,oil on wood,45 x 36 cm,"kunsthistorisches museum, vienna",1108*1418,true color,220 kb
6,"AACHEN, Hans von",anna of tyrol,images/artworks/6.jpg,1604,oil on canvas,58 x 48 cm,"kunsthistorisches museum, vienna",954*1153,true color,213 kb
7,"AACHEN, Hans von",portrait of painter josef heintz,images/artworks/7.jpg,1585,oil on canvas,57 x 44 cm,"národní galerie, prague",1511*2000,true color,223 kb
8,"AACHEN, Hans von",gaspar rem,images/artworks/8.jpg,1574-75,oil on canvas,49 x 42 cm,"kunsthistorisches museum, vienna",1043*1242,true color,136 kb
9,"AACHEN, Hans von",a couple in a tavern,images/artworks/9.jpg,1595-1605,oil on canvas,63 x 51 cm,"kunsthistorisches museum, vienna",1102*1369,true color,128 kb
10,"AACHEN, Hans von",declaration of war before constantine,images/artworks/10.jpg,1603-04,parchment mounted on canvas,34 x 42 cm,"kunsthistorisches museum, vienna",1200*969,true color,226 kb
11,"AACHEN, Hans von",pan and selene,images/artworks/11.jpg,1600-05,oil on panel,40 x 49 cm,private collection,1500*1203,true color,251 kb
12,"AACHEN, Hans von",the amazement of the gods,images/artworks/12.jpg,1590s,oil on copper,36 x 46 cm,"national gallery, london",1200*943,true color,192 kb
13,"AACHEN, Hans von",david and bathsheba,images/artworks/13.jpg,1612-15,oil on canvas,128 x 105 cm,"kunsthistorisches museum, vienna",1073*1418,true color,221 kb
14,"AACHEN, Hans von","bacchus, venus and cupid",images/artworks/14.jpg,1595-1600,oil on canvas,63 x 50 cm,"kunsthistorisches museum, vienna",1206*1500,true color,245 kb
15,"AACHEN, Hans von","bacchus, ceres and cupid",images/artworks/15.jpg,1595-1605,oil on canvas,163 x 113 cm,"kunsthistorisches museum, vienna",1173*1700,true color,242 kb
16,"AACHEN, Hans von","pallas athena, venus and juno",images/artworks/16.jpg,1593,oil on canvas,54 x 67 cm,"museum of fine arts, boston",1556*1252,true color,239 kb
17,"AACHEN, Hans von","jupiter, antiope and cupid",images/artworks/17.jpg,1595-98,oil on copper,31 x 21 cm,"kunsthistorisches museum, vienna",987*1400,true color,234 kb
18,"AACHEN, Hans von","allegory of peace, art and abundance",images/artworks/18.jpg,1602,oil on canvas,197 x 142 cm,"the hermitage, st. petersburg",1193*1600,true color,238 kb
19,"AACHEN, Hans von",allegory,images/artworks/19.jpg,1598,oil on copper,56 x 47 cm,"alte pinakothek, munich",684*817,true color,133 kb
20,"AACHEN, Hans von",couple with mirror,images/artworks/20.jpg,1596,copperplate,25 x 20 cm,"kunsthistorisches museum, vienna",1035*1398,true color,137 kb
21,"AAGAARD, Carl Frederik",deer beside a lake,images/artworks/21.jpg,1888,oil on canvas,53 x 82 cm,private collection,1200*818,true color,213 kb
22,"AAGAARD, Carl Frederik",the rose garden,images/artworks/22.jpg,1877,oil on canvas,98 x 80 cm,private collection,875*950,true color,117 kb
23,"ABADIA, Juan de la",the archangel michael,images/artworks/23.jpg,c. 1490,wood,127 x 78 cm,"museu nacional d'art de catalunya, barcelona",637*1060,true color,191 kb
24,"ABADIE, Paul",interior view,images/artworks/24.jpg,1875-1919,photo,sacré-coeur,paris,1600*1064,true color,210 kb
25,"ABADIE, Paul",exterior view,images/artworks/25.jpg,1875-1919,photo,sacré-coeur,paris,1400*1332,true color,274 kb
26,"ABADIE, Paul",general view,images/artworks/26.jpg,1875-1919,photo,sacré-coeur,paris,1800*1505,true color,269 kb
27,"ABADIE, Paul",exterior view,images/artworks/27.jpg,1858-69,photo,town hall,angoulême,1400*1004,true color,260 kb
28,"ABADIE, Paul",general view,images/artworks/28.jpg,1852-56,photo,église saint-martial,angoulême,2000*1500,true color,282 kb
29,"ABADIE, Paul",view of the tour de lusignan,images/artworks/29.jpg,1858-69,photo,town hall,angoulême,758*1000,true color,198 kb
30,"ABAQUESNE, Masséot",albarello,images/artworks/30.jpg,c. 1545,maiolica,musée des beaux-arts,rouen,500*1115,true color,82 kb
31,"ABAQUESNE, Masséot",ceramic floor,images/artworks/31.jpg,1542,ceramics,musée national de la renaissance,écouen,450*1545,true color,167 kb
32,"ABAQUESNE, Masséot",ceramic floor,images/artworks/32.jpg,1557,ceramics,musée du louvre,paris,841*1000,true color,195 kb
33,"ABAQUESNE, Masséot",the flood,images/artworks/33.jpg,-,ceramic mural composition,musée national de la renaissance,écouen,750*1076,true color,191 kb
34,"ABBATE, Niccolò dell'",man with parrot,images/artworks/34.jpg,1540s,oil on canvas,125 x 109 cm,"kunsthistorisches museum, vienna",1211*1398,true color,244 kb
35,"ABBATE, Niccolò dell'",orlando furioso scenes (detail),images/artworks/35.jpg,c. 1560,fresco,pinacoteca nazionale,bologna,1008*1400,true color,250 kb
36,"ABBATE, Niccolò dell'",orlando furioso scenes (detail),images/artworks/36.jpg,c. 1560,fresco,pinacoteca nazionale,bologna,1600*1039,true color,240 kb
37,"ABBATE, Niccolò dell'",the continence of scipio,images/artworks/37.jpg,c. 1555,oil on canvas,127 x 115 cm,"musée du louvre, paris",820*907,true color,97 kb
38,"ABBATE, Niccolò dell'",the rape of proserpine,images/artworks/38.jpg,c. 1570,oil on canvas,196 x 220 cm,"musée du louvre, paris",939*820,true color,110 kb
39,"ABBATE, Niccolò dell'",death of eurydice,images/artworks/39.jpg,1552-71,oil on canvas,189 x 238 cm,"national gallery, london",1000*785,true color,167 kb
40,"ABBATE, Niccolò dell'",portrait of a gentleman with a falcon,images/artworks/40.jpg,1548-50,oil on canvas,140 x 117 cm,"art gallery of new south wales, sydney",1332*1700,true color,247 kb
41,"ABBATE, Niccolò dell'",meeting of charles v and the bey of tunis,images/artworks/41.jpg,1545-50,oil on canvas,176 x 211 cm,"courtauld gallery, london",944*787,true color,186 kb
42,"ABBATE, Niccolò dell'",chimney breast,images/artworks/42.jpg,c. 1552,oil on canvas,château,écouen,900*1328,true color,184 kb
43,"ABBATE, Niccolò dell'",chimney breast,images/artworks/43.jpg,c. 1552,marble,château,écouen,810*1200,true color,185 kb
44,"ABBATE, Niccolò dell'",stag hunt,images/artworks/44.jpg,1550-52,oil on canvas,116 x 159 cm,"galleria borghese, rome",1156*761,true color,163 kb
45,"ABBATE, Niccolò dell'",moses rescued from the nile,images/artworks/45.jpg,c. 1560,oil on canvas,83 x 83 cm,"musée du louvre, paris",822*824,true color,151 kb
46,"ABBATE, Niccolò dell'",decoration (detail),images/artworks/46.jpg,1550,fresco,château,fontainebleau (seine-et-marne),1100*733,true color,234 kb
47,"ABBATE, Niccolò dell'",decoration,images/artworks/47.jpg,1550,fresco,château,fontainebleau (seine-et-marne),1029*683,true color,191 kb
48,"ABBATI, Giuseppe",portrait of a woman,images/artworks/48.jpg,1865-66,oil on panel,26 x 14 cm,"galleria dell'arte moderna, palazzo pitti, florence",471*850,true color,51 kb
49,"ABBATI, Giuseppe",the cloister of santa croce,images/artworks/49.jpg,1861-62,oil on cardboard,19 x 25 cm,"galleria dell'arte moderna, palazzo pitti, florence",1300*986,true color,219 kb
50,"ABBATI, Giuseppe",oration (the prayer),images/artworks/50.jpg,1866,oil on canvas,57 x 42 cm,"galleria dell'arte moderna, palazzo pitti, florence",974*1300,true color,208 kb
51,"ABBATI, Giuseppe",landscape at castiglioncello,images/artworks/51.jpg,1863,oil on panel,10 x 30 cm,"galleria dell'arte moderna, palazzo pitti, florence",1023*350,true color,60 kb
52,"ABBATI, Giuseppe",country road with cypresses,images/artworks/52.jpg,c. 1860,oil on canvas,28 x 37 cm,"galleria dell'arte moderna, palazzo pitti, florence",1137*850,true color,162 kb
53,"ABBATINI, Guido Ubaldo",gian lorenzo bernini's cornaro chapel,images/artworks/53.jpg,c. 1650,oil on canvas,168 x 120 cm,"staatliches museum, schwerin",800*1133,true color,167 kb
54,"ABEELE, Pieter van",commemorative medal for admiral maarten harpertszoon tromp,images/artworks/54.jpg,1653,silver,cast,"chased and engraved, diameter 7 cm, private collection",509*500,true color,51 kb
55,"ABEELE, Pieter van","william iii, prince of orange, at the age of four",images/artworks/55.jpg,1654,silver,two cast chased shells soldered together,"diameter 7 cm, metropolitan museum of art, new york",1034*500,true color,104 kb
56,"ABEELE, Pieter van",medal commemorating charles ii embarkation at scheveningen,images/artworks/56.jpg,1660,silver,diameter 7 cm,"royal collection, windsor",988*500,true color,92 kb
57,"ABILDGAARD, Nicolai",the midwife taking leave of the girl from andros,images/artworks/57.jpg,1801,oil on canvas,158 x 129 cm,"statens museum for kunst, copenhagen",1231*1500,true color,108 kb
58,"ABILDGAARD, Nicolai",simo and his former slave sosia,images/artworks/58.jpg,1803,oil on canvas,158 x 142 cm,"statens museum for kunst, copenhagen",1353*1500,true color,142 kb
59,"ABILDGAARD, Nicolai",culmin's ghost appears to his mother,images/artworks/59.jpg,c. 1794,oil on canvas,62 x 78 cm,"nationalmuseum, stockholm",1122*1000,true color,129 kb
60,"ABILDGAARD, Nicolai",the wounded philoctetes,images/artworks/60.jpg,1775,oil on canvas,123 x 178 cm,"statens museum for kunst, copenhagen",1500*1057,true color,129 kb
61,"ABILDGAARD, Nicolai",adam and eve,images/artworks/61.jpg,1780,engraving,nationalmuseum,stockholm,600*1031,true color,170 kb
62,"ABONDIO, Antonio",medallion portrait of emperor maximilian ii,images/artworks/62.jpg,c. 1575,wax on obsidian,kunsthistorisches museum,vienna,451*500,true color,27 kb
63,"ACERO Y AREBO, Vicente",exterior view,images/artworks/63.jpg,1722-1838,photo,cathedral,cádiz,1021*1400,true color,200 kb
64,"ACERO Y AREBO, Vicente",exterior view,images/artworks/64.jpg,1722-1838,photo,cathedral,cádiz,1500*1095,true color,192 kb
65,"ACHENBACH, Oswald",fireworks in naples,images/artworks/65.jpg,1875,oil on canvas,66 x 102 cm,"the hermitage, st. petersburg",1600*1005,true color,131 kb
66,"ADAM, Albrecht",battle of moscow on 7 september 1812,images/artworks/66.jpg,1815-25,oil and gouache on paper,21 x 30 cm,"the hermitage, st. petersburg",1253*873,true color,154 kb
67,"ADAM, Albrecht",the return from the hunt,images/artworks/67.jpg,1828,oil on canvas,69 x 101 cm,private collection,1200*825,true color,158 kb
68,"ADAM, Lambert-Sigisbert",child pinched by a lobster,images/artworks/68.jpg,c. 1740,bronze,"height 25,5 cm","institute of arts, detroit",692*1001,grayscale,85 kb
69,"ADAM, Lambert-Sigisbert",neptune and amphitrite,images/artworks/69.jpg,1740 (completed),lead,bassin de naptune,versailles,1020*735,grayscale,126 kb
70,"ADAM, Lambert-Sigisbert",neptune calming the waves,images/artworks/70.jpg,1737,marble,musée du louvre,paris,801*1213,grayscale,95 kb
71,"ADAM, Lambert-Sigisbert",self-portrait,images/artworks/71.jpg,c. 1740,drawing,ashmolean museum,oxford,650*1068,grayscale,151 kb
72,"ADAM, Lambert-Sigisbert",head of 'water',images/artworks/72.jpg,1737,terracotta,the hermitage,st. petersburg,750*1062,grayscale,95 kb
73,"ADAM, Nicolas-Sébastien",monumental vase on the theme of autumn (detail),images/artworks/73.jpg,1742-45,marble,metropolitan museum of art,new york,848*900,true color,160 kb
74,"ADAM, Nicolas-Sébastien",monumental vase on the theme of autumn (detail),images/artworks/74.jpg,1742-45,marble,metropolitan museum of art,new york,1028*1400,true color,239 kb
75,"ADAM, Nicolas-Sébastien",monumental vase on the theme of autumn,images/artworks/75.jpg,1742-45,marble,height 177 cm,"metropolitan museum of art, new york",1037*1400,true color,191 kb
76,"ADAM, Nicolas-Sébastien",prometheus,images/artworks/76.jpg,1737,marble,height 115 cm,"musée du louvre, paris",802*1130,grayscale,100 kb
77,"ADAM, Nicolas-Sébastien",monument to queen catharina opalinska (detail),images/artworks/77.jpg,1749 (set up),marble,notre-dame de bon secours,nancy,666*703,grayscale,108 kb
78,"ADAM, Nicolas-Sébastien",monument to queen catharina opalinska,images/artworks/78.jpg,1749,marble,notre-dame de bon secours,nancy,801*1184,grayscale,158 kb
79,"ADAM, Nicolas-Sébastien",the martyrdom of sainte victoire,images/artworks/79.jpg,1747,bronze,chapel of château,versailles,1159*652,grayscale,185 kb
80,"ADAM, Nicolas-Sébastien",prometheus,images/artworks/80.jpg,1737,marble,height 115 cm,"musée du louvre, paris",809*950,true color,93 kb
81,"ADAM, Robert",interior view,images/artworks/81.jpg,1761,photo,syon house,"brentford, middlesex",936*1100,true color,233 kb
82,"ADAM, Robert",gateway,images/artworks/82.jpg,1773,photo,syon house,"brentford, middlesex",1300*1022,true color,229 kb
83,"ADAM, Robert",interior view,images/artworks/83.jpg,1763-64,photo,syon house,"brentford, middlesex",1100*1030,true color,234 kb
84,"ADAM, Robert",interior view,images/artworks/84.jpg,1761,photo,syon house,"brentford, middlesex",1120*1300,true color,233 kb
85,"ADAM, Robert",interior view,images/artworks/85.jpg,1763-64,photo,syon house,"brentford, middlesex",1400*933,true color,186 kb
86,"ADAM, Robert",interior view,images/artworks/86.jpg,1763-64,photo,syon house,"brentford, middlesex",1400*700,true color,153 kb
87,"ADAM, Robert",music room,images/artworks/87.jpg,1773-76,photo,20 portman square,london,1300*798,true color,242 kb
88,"ADAM, Robert",interior view,images/artworks/88.jpg,1763-64,photo,syon house,"brentford, middlesex",1400*700,true color,146 kb
89,"ADAM, Robert",cupola of the stairwell,images/artworks/89.jpg,1773-76,photo,20 portman square,london,1014*1400,true color,210 kb
90,"ADAM, Robert",stairwell,images/artworks/90.jpg,1773-76,photo,20 portman square,london,997*1400,true color,230 kb
91,"ADAM, Robert",library,images/artworks/91.jpg,1767,photo,kenwood house,"hampstead heath, london",938*1300,true color,238 kb
92,"ADAM, Robert",exterior view,images/artworks/92.jpg,1760s,photo,kedleston hall,derbyshire,1400*872,true color,134 kb
93,"ADAM-SALOMON, Antoine-Samuel",bust of isaac péreire,images/artworks/93.jpg,-,white marble,height 77 cm,private collection,854*1080,true color,39 kb
94,"ADELCRANTZ, Carl Fredrik",exterior view,images/artworks/94.jpg,1766,photo,palace theatre,drottningholm,1400*1062,true color,239 kb
95,"ADELCRANTZ, Carl Fredrik",interior view,images/artworks/95.jpg,1766,photo,palace theatre,drottningholm,1300*976,true color,232 kb
96,"ADEMOLLO, Luigi",fresco decoration (detail),images/artworks/96.jpg,1800-10,fresco,palazzo bianchi-bandinelli,siena,777*1200,true color,156 kb
97,"ADEMOLLO, Luigi",fresco decoration (detail),images/artworks/97.jpg,1800-10,fresco,palazzo bianchi-bandinelli,siena,1005*1000,true color,136 kb
98,"ADEMOLLO, Luigi",episodes in roman history,images/artworks/98.jpg,1820s,fresco,palazzo ducale,lucca,1000*1251,true color,217 kb
99,"ADEMOLLO, Luigi",episodes in roman history,images/artworks/99.jpg,1820s,fresco,palazzo ducale,lucca,1354*950,true color,232 kb
100,"ADEMOLLO, Luigi",episodes in roman history,images/artworks/100.jpg,1820s,fresco,palazzo ducale,lucca,1313*800,true color,209 kb
101,"ADEMOLLO, Luigi",view of the room of the ark,images/artworks/101.jpg,1816,fresco,galleria palatina (palazzo pitti),florence,1204*900,true color,180 kb
102,"ADEMOLLO, Luigi",transportation of the ark of the covenant containing the tablets of the law,images/artworks/102.jpg,1816,fresco,galleria palatina (palazzo pitti),florence,1021*1200,true color,210 kb
103,"ADEMOLLO, Luigi",the menorah,images/artworks/103.jpg,1816,fresco,galleria palatina (palazzo pitti),florence,900*1098,true color,169 kb
104,"ADEMOLLO, Luigi",fresco decoration (detail),images/artworks/104.jpg,1800-10,fresco,palazzo bianchi-bandinelli,siena,900*1142,true color,149 kb
105,"ADEMOLLO, Luigi",view of the room of the ark,images/artworks/105.jpg,1816,fresco,galleria palatina (palazzo pitti),florence,1331*900,true color,206 kb
106,"ADEMOLLO, Luigi",view of the palatine chapel,images/artworks/106.jpg,1800s,fresco,galleria palatina (palazzo pitti),florence,1225*850,true color,186 kb
107,"ADLER, Salomon",self-portrait,images/artworks/107.jpg,1650s,oil on canvas,74 x 60 cm,private collection,865*1075,true color,50 kb
108,"ADOLPHI, Christoffel",commemorative medal for admiral michiel adriaensz. de ruyter,images/artworks/108.jpg,1676,silver,struck and embossed,"diameter 7 cm, private collection",509*500,true color,46 kb
109,"ADRIAENSSEN, Alexander",fish and dead game,images/artworks/109.jpg,1643,oil on canvas,58 x 87 cm,"the hermitage, st. petersburg",1255*817,true color,118 kb
110,"ADRIAENSSEN, Alexander",still-life with fish,images/artworks/110.jpg,1630-50,oil on oak panel,55 x 76 cm,"groeninge museum, bruges",1200*845,true color,179 kb
111,"ADRIAENSSEN, Alexander",still-life with flowers in a glass vase,images/artworks/111.jpg,c. 1650,oil on panel,54 x 43 cm,private collection,1169*1500,true color,188 kb
112,"ADRIAENSSEN, Alexander",still-life,images/artworks/112.jpg,1646,oil on panel,44 x 64 cm,private collection,1094*746,true color,150 kb
113,"ADRIAENSSEN, Alexander",still-life with oysters,images/artworks/113.jpg,1630s,oil on oak panel,44 x 36 cm,"národní galerie, prague",900*1065,true color,164 kb
114,ADRIANO FIORENTINO,giovanni gioviano pontano,images/artworks/114.jpg,c. 1488,cast copper alloy,diameter 9 cm,"national gallery of art, washington",837*400,true color,56 kb
115,ADRIANO FIORENTINO,giovanni gioviano pontano,images/artworks/115.jpg,1488-94,marble,51 x 33 cm,"metropolitan museum of art, new york",903*1300,true color,207 kb
116,ADRIANO FIORENTINO,venus,images/artworks/116.jpg,1490s,bronze,height 42 cm (with base),"museum of art, philadelphia",347*878,true color,23 kb
117,ADRIANO FIORENTINO,medal of ferdinand ii,images/artworks/117.jpg,c. 1494,bronze,diameter 8 cm,"national gallery of art, washington",1057*522,true color,72 kb
118,ADRIANO FIORENTINO,"elector frederick iii of saxony, called frederick the wise",images/artworks/118.jpg,1498,brass,height 62 cm,"staatliche kunstsammlungen, dresden",1244*1400,true color,193 kb
119,ADRIANO FIORENTINO,giovanni gioviano pontano,images/artworks/119.jpg,1488-94,bronze,height 50 cm,"museo di sant'agostino, genoa",1257*1300,true color,190 kb
120,"AELST, Willem van",still-life,images/artworks/120.jpg,1660s,oil on canvas,64 x 53 cm,private collection,1000*1208,true color,150 kb
121,"AELST, Willem van",still-life of dead birds and hunting weapons,images/artworks/121.jpg,1660,oil on canvas,"86,5 x 68 cm","staatliche museen, berlin",830*1050,true color,137 kb
122,"AELST, Willem van",vase of flowers with pocket watch,images/artworks/122.jpg,1656,oil on canvas,staatliche museen,kassel,900*1090,true color,110 kb
123,"AELST, Willem van",still-life with fruit and a crystal vase,images/artworks/123.jpg,c. 1650,oil on canvas,77 x 102 cm,"galleria palatina (palazzo pitti), florence",1072*770,true color,109 kb
124,"AELST, Willem van",still-life with mouse and candle,images/artworks/124.jpg,1647,oil on copper,19 x 25 cm,private collection,909*700,true color,50 kb
125,"AELST, Willem van",still-life with peaches and plums,images/artworks/125.jpg,1644,oil on panel,octagonal,"23 x 30 cm, private collection",1294*1000,true color,119 kb
126,"AELST, Willem van","still-life with fruit, parrot, and nautilus pitcher",images/artworks/126.jpg,1653,oil on canvas,77 x 102 cm,"galleria palatina (palazzo pitti), florence",1071*770,true color,107 kb
127,"AELST, Willem van",fruit still-life,images/artworks/127.jpg,1677,oil on canvas,58 x 47 cm,private collection,700*882,true color,102 kb
128,"AELST, Willem van",still-life with armour,images/artworks/128.jpg,1635-41,black chalk on vellum,110 x 155 m,"fogg art museum, harvard university, cambridge",600*457,grayscale,29 kb
129,"AELST, Willem van",still-life with fruit,images/artworks/129.jpg,1664,oil on canvas,67 x 52 cm,"museo thyssen-bornemisza, madrid",750*972,true color,107 kb
130,"AELST, Willem van",flower still-life,images/artworks/130.jpg,1677,oil on canvas,58 x 47 cm,private collection,700*877,true color,92 kb
131,"AELST, Willem van",still-life with fruit and crystal vase,images/artworks/131.jpg,1652,oil on canvas,73 x 58 cm,"galleria palatina (palazzo pitti), florence",1053*1300,true color,175 kb
132,"AELST, Willem van",breakfast piece,images/artworks/132.jpg,1671,oil on canvas,49 x 41 cm,"akademie der bildenden künste, vienna",1000*1196,true color,104 kb
133,"AELST, Willem van",still-life with hunting equipment and dead birds,images/artworks/133.jpg,1668,oil on canvas,68 x 54 cm,"staatliche kunsthalle, karlsruhe",830*1035,true color,152 kb
134,"AELST, Willem van",hunting still-life,images/artworks/134.jpg,c. 1665,oil on canvas,"65,5 x 52,7 cm",private collection,818*1080,true color,137 kb
135,"AELST, Willem van",hunting still-life (detail),images/artworks/135.jpg,c. 1665,oil on canvas,private collection,,1046*824,true color,171 kb
136,"AELST, Willem van",still-life,images/artworks/136.jpg,c. 1645,oil on panel,41 x 32 cm,private collection,732*900,true color,193 kb
137,"AELST, Willem van",still-life with a basket of fruit on a marble ledge,images/artworks/137.jpg,1650,oil on canvas,38 x 50 cm,private collection,1306*1000,true color,145 kb
138,"AELST, Willem van",still-life,images/artworks/138.jpg,1675,oil on canvas,40 x 32 cm,private collection,858*1087,true color,67 kb
139,"AELST, Willem van",still-life with fruit,images/artworks/139.jpg,1653,oil on canvas,77 x 102 cm,"galleria palatina (palazzo pitti), florence",1025*770,true color,67 kb
140,"AELST, Willem van",still-life of fruit,images/artworks/140.jpg,c. 1660,oil on canvas,47 x 52 cm,private collection,911*800,true color,111 kb
141,"AENVANCK, Theodoor",fruit,images/artworks/141.jpg,1653,oil on panel,63 x 80 cm,"koninklijk museum voor schone kunsten, antwerp",1041*800,true color,109 kb
142,AERT VAN ORT,susanna and the elders,images/artworks/142.jpg,1520-25,stained glass,diameter 24 cm,"metropolitan museum of art, new york",828*827,true color,134 kb
143,"AERTSEN, Pieter",left wing of a triptych with the adoration of the magi (reverse side),images/artworks/143.jpg,c. 1560,oil on panel,190 x 73 cm,"rijksmuseum, amsterdam",377*1000,true color,73 kb
144,"AERTSEN, Pieter",left wing of a triptych with the adoration of the magi,images/artworks/144.jpg,c. 1560,oil on panel,190 x 73 cm,"rijksmuseum, amsterdam",369*1000,true color,86 kb
145,"AERTSEN, Pieter",vendor of fowl,images/artworks/145.jpg,1560s,oil on panel,137 x 95 cm,"the hermitage, st. petersburg",760*1090,true color,137 kb
146,"AERTSEN, Pieter",vanitas still-life,images/artworks/146.jpg,1552,oil on wood,62 x 102 cm,"kunsthistorisches museum, vienna",1350*811,true color,246 kb
147,"AERTSEN, Pieter",peasant feast,images/artworks/147.jpg,1550,oil on oak panel,85 x 170 cm,"kunsthistorisches museum, vienna",1700*842,true color,229 kb
148,"AERTSEN, Pieter",peasants meal,images/artworks/148.jpg,after 1566,oil on oak,71 x 109 cm,"kunsthistorisches museum, vienna",1500*950,true color,207 kb
149,"AERTSEN, Pieter",the pancake bakery,images/artworks/149.jpg,-,oil on panel,87 x 169 cm,"museum boijmans van beuningen, rotterdam",1200*617,true color,86 kb
150,"AERTSEN, Pieter",peasants by the hearth,images/artworks/150.jpg,1560s,oil on wood,"142,3 x 198 cm","museum mayer van den bergh, antwerp",1191*821,true color,163 kb
151,"AERTSEN, Pieter",butcher's stall,images/artworks/151.jpg,1551,oil on panel,123 x 167 cm,"museum gustavianum, uppsala",1246*900,true color,181 kb
152,"AERTSEN, Pieter",market woman with vegetable stall,images/artworks/152.jpg,1567,oil on wood,110 x 110 cm,"staatliche museen, berlin",919*917,true color,177 kb
153,"AERTSEN, Pieter",market scene,images/artworks/153.jpg,c. 1550,oil on oak,"59,5 x 122,5 cm","alte pinakothek, munich",1368*640,true color,187 kb
154,"AERTSEN, Pieter",triptych with the adoration of the magi (central panel),images/artworks/154.jpg,c. 1560,oil on panel,190 x 73 cm,"rijksmuseum, amsterdam",1080*1000,true color,199 kb
155,"AERTSEN, Pieter",market scene,images/artworks/155.jpg,1560-65,oil on oak wood,91 x 112 cm,"kunsthistorisches museum, vienna",1350*1097,true color,236 kb
156,"AERTSEN, Pieter",market scene (detail),images/artworks/156.jpg,1561,oil on wood,szépmûvészeti múzeum,budapest,773*720,true color,116 kb
157,"AERTSEN, Pieter",market scene,images/artworks/157.jpg,-,oil on oak,127 x 85 cm,"wallraf-richartz-museum, cologne",698*1030,true color,128 kb
158,"AERTSEN, Pieter",christ and the adulteress,images/artworks/158.jpg,1557-58,oil on wood,122 x 178 cm,"nationalmuseum, stockholm",1527*1000,true color,263 kb
159,"AERTSEN, Pieter",christ and the adulteress,images/artworks/159.jpg,1559,oil on wood,122 x 177 cm,"städelsches kunstinstitut, frankfurt",1126*743,true color,162 kb
160,"AERTSEN, Pieter",christ in the house of martha and mary,images/artworks/160.jpg,-,oil on panel,126 x 200 cm,"museum boijmans van beuningen, rotterdam",1300*810,true color,247 kb
161,"AERTSEN, Pieter",apostles peter and john,images/artworks/161.jpg,1575,oil on wood,"55,5 x 76 cm cm","the hermitage, st. petersburg",930*674,true color,164 kb
162,"AERTSEN, Pieter",the cook,images/artworks/162.jpg,1559,oil on canvas,171 x 85 cm,"musei di strada nuova, genoa",725*1500,true color,234 kb
163,"AERTSEN, Pieter",the egg dance,images/artworks/163.jpg,1552,oil on panel,84 x 172 cm,"rijksmuseum, amsterdam",1444*700,true color,163 kb
164,"AERTSEN, Pieter",the fat kitchen. an allegory,images/artworks/164.jpg,1565-75,oil on panel,111 x 213 cm,"statens museum for kunst, copenhagen",1500*771,true color,155 kb
165,"AERTSEN, Pieter",market scene,images/artworks/165.jpg,1561,oil on wood,"170 x 82,8 cm","szépmûvészeti múzeum, budapest",564*1200,true color,108 kb
166,"AERTSEN, Pieter",cook in front of the stove,images/artworks/166.jpg,1559,oil on wood,"172,5 x 82 cm","musées royaux des beaux-arts, brussels",730*1164,true color,175 kb
167,"AGABITI, Pietro Paolo",nativity,images/artworks/167.jpg,c. 1500,terracotta,pinacoteca civica,"palazzo pianetti, jesi",1137*1500,true color,224 kb
168,"AGABITI, Pietro Paolo",virgin enthroned between sts john the baptist and anthony of padua,images/artworks/168.jpg,1528,oil on wood,pinacoteca civica,"palazzo pianetti, jesi",1231*1300,true color,242 kb
169,"AGABITI, Pietro Paolo",lunette and predella,images/artworks/169.jpg,1528,oil on wood,pinacoteca civica,"palazzo pianetti, jesi",1500*1283,true color,177 kb
170,"AGABITI, Pietro Paolo",adoration of the magi,images/artworks/170.jpg,1528,oil on wood,pinacoteca civica,"palazzo pianetti, jesi",1500*1028,true color,247 kb
171,"AGABITI, Pietro Paolo",sts sebastian and roch,images/artworks/171.jpg,1528,oil on wood,pinacoteca civica,"palazzo pianetti, jesi",1500*1006,true color,247 kb
172,"AGABITI, Pietro Paolo",st jerome in the desert,images/artworks/172.jpg,1528,oil on wood,pinacoteca civica,"palazzo pianetti, jesi",1500*1036,true color,249 kb
173,"AGABITI, Pietro Paolo",nativity,images/artworks/173.jpg,1528,oil on wood,pinacoteca civica,"palazzo pianetti, jesi",1500*1034,true color,238 kb
174,"AGABITI, Pietro Paolo",nativity,images/artworks/174.jpg,1534,oil and tempera on wood,215 x 124 cm,"christian museum, esztergom",694*1200,true color,171 kb
175,"AGABITI, Pietro Paolo","sacred representation with sts francis, anthony of padua and bernardino",images/artworks/175.jpg,1530,oil on wood,pinacoteca civica,"palazzo pianetti, jesi",1348*1400,true color,242 kb
176,"AGASSE, Jacques-Laurent",two terriers by a mossy bank,images/artworks/176.jpg,-,oil on canvas,49 x 77 cm,private collection,1274*800,true color,111 kb
177,"AGASSE, Jacques-Laurent",the playground,images/artworks/177.jpg,-,oil on canvas,54 x 45 cm,"museum oskar reinhart, winthertur",850*1037,true color,110 kb
178,"AGASSE, Jacques-Laurent",a gentleman with horses by a stream,images/artworks/178.jpg,1790s,oil on panel,20 x 28 cm,private collection,1128*768,true color,82 kb
179,"AGASSE, Jacques-Laurent",study of dogs,images/artworks/179.jpg,c. 1803,oil on canvas,29 x 40 cm,private collection,1092*821,true color,100 kb
180,"AGASSE, Jacques-Laurent",portrait of a horse,images/artworks/180.jpg,1794-95,oil on paper laid down on board,36 x 44 cm,private collection,820*720,true color,38 kb
181,AGNOLO DI POLO,mary magdalene,images/artworks/181.jpg,c. 1495,gilt and painted terracotta,height 156 cm,private collection,672*1071,true color,49 kb
182,AGNOLO DI VENTURA,porta romana,images/artworks/182.jpg,1327-28,photo,via cassia,siena,1500*1125,true color,271 kb
183,AGNOLO DI VENTURA,porta romana,images/artworks/183.jpg,1327-28,photo,via cassia,siena,1700*1125,true color,264 kb
184,AGNOLO DI VENTURA,monument to bishop guido tarlati,images/artworks/184.jpg,c. 1330,marble,duomo,arezzo,1000*1333,true color,160 kb
185,AGNOLO DI VENTURA,monument to bishop guido tarlati (detail),images/artworks/185.jpg,c. 1330,marble,duomo,arezzo,1100*825,true color,99 kb
186,AGNOLO DI VENTURA,monument to bishop guido tarlati (detail),images/artworks/186.jpg,c. 1330,marble,duomo,arezzo,1000*750,true color,116 kb
187,AGNOLO DI VENTURA,monument to bishop guido tarlati (detail),images/artworks/187.jpg,c. 1330,marble,duomo,arezzo,1405*1100,true color,239 kb
188,AGNOLO DI VENTURA,monument to bishop guido tarlati (detail),images/artworks/188.jpg,c. 1330,marble,duomo,arezzo,1327*1000,true color,222 kb
189,AGOSTINO DI DUCCIO,st bridget of sweden receiving the rule of her order,images/artworks/189.jpg,1459-60,marble,43 x 64 cm,"metropolitan museum of art, new york",1311*900,true color,205 kb
190,AGOSTINO DI DUCCIO,cappella delle arti liberali (detail),images/artworks/190.jpg,1449-56,photo,tempio malatestiano,rimini,1395*2000,true color,279 kb
191,AGOSTINO DI DUCCIO,view of the façade,images/artworks/191.jpg,1457-61,marble,oratorio di san bernardino,perugia,1300*1271,true color,276 kb
192,AGOSTINO DI DUCCIO,sculptures on the façade (detail),images/artworks/192.jpg,1457-61,marble,oratorio di san bernardino,perugia,1300*826,true color,265 kb
193,AGOSTINO DI DUCCIO,sculptures on the façade (detail),images/artworks/193.jpg,1457-61,marble,oratorio di san bernardino,perugia,1500*1125,true color,259 kb
194,AGOSTINO DI DUCCIO,sculptures on the façade (detail),images/artworks/194.jpg,1457-61,marble,oratorio di san bernardino,perugia,1000*1500,true color,286 kb
195,AGOSTINO DI DUCCIO,sculptures on the façade (detail),images/artworks/195.jpg,1457-61,marble,oratorio di san bernardino,perugia,1300*867,true color,259 kb
196,AGOSTINO DI DUCCIO,a miracle of san bernardino of siena,images/artworks/196.jpg,1457-62,marble,half life-size,"oratorio di san bernardino, perugia",922*388,grayscale,94 kb
197,AGOSTINO DI DUCCIO,cappella delle arti liberali (detail),images/artworks/197.jpg,1449-56,photo,tempio malatestiano,rimini,644*1200,true color,131 kb
198,AGOSTINO DI DUCCIO,sculptures on the façade (detail),images/artworks/198.jpg,1457-61,marble,oratorio di san bernardino,perugia,1500*1125,true color,182 kb
199,AGOSTINO DI DUCCIO,cappella delle arti liberali (detail),images/artworks/199.jpg,1449-56,photo,tempio malatestiano,rimini,1181*1800,true color,259 kb
200,AGOSTINO DI DUCCIO,cappella delle arti liberali (detail),images/artworks/200.jpg,1449-56,photo,tempio malatestiano,rimini,760*1200,true color,89 kb
201,AGOSTINO DI DUCCIO,cappella delle arti liberali (detail),images/artworks/201.jpg,1449-56,photo,tempio malatestiano,rimini,909*1800,true color,253 kb
202,AGOSTINO DI DUCCIO,cappella delle arti liberali (detail),images/artworks/202.jpg,1449-56,photo,tempio malatestiano,rimini,602*1200,true color,152 kb
203,AGOSTINO DI DUCCIO,cappella delle arti liberali (detail),images/artworks/203.jpg,1449-56,photo,tempio malatestiano,rimini,1162*2000,true color,212 kb
204,AGOSTINO DI DUCCIO,sculptures on the façade (detail),images/artworks/204.jpg,1457-61,marble,oratorio di san bernardino,perugia,975*1500,true color,270 kb
205,AGOSTINO DI DUCCIO,cappella delle arti liberali (detail),images/artworks/205.jpg,1449-56,photo,tempio malatestiano,rimini,1333*2000,true color,232 kb
206,AGOSTINO DI DUCCIO,cappella delle arti liberali (detail),images/artworks/206.jpg,1449-56,photo,tempio malatestiano,rimini,1333*2000,true color,223 kb
207,AGOSTINO DI DUCCIO,cappella delle arti liberali (detail),images/artworks/207.jpg,1449-56,photo,tempio malatestiano,rimini,1238*2000,true color,268 kb
208,AGOSTINO DI DUCCIO,cappella delle arti liberali (detail),images/artworks/208.jpg,1449-56,photo,tempio malatestiano,rimini,833*1200,true color,196 kb
209,AGOSTINO DI DUCCIO,cappella delle arti liberali (detail),images/artworks/209.jpg,1449-56,photo,tempio malatestiano,rimini,875*1600,true color,248 kb
210,AGOSTINO DI DUCCIO,cappella delle arti liberali (detail),images/artworks/210.jpg,1449-56,photo,tempio malatestiano,rimini,1121*2000,true color,176 kb
211,AGOSTINO DI DUCCIO,cappella delle arti liberali (detail),images/artworks/211.jpg,1449-56,photo,tempio malatestiano,rimini,869*2000,true color,227 kb
212,AGOSTINO DI DUCCIO,angels playing a viola,images/artworks/212.jpg,1457-61,marble,oratorio di san bernardino,perugia,430*909,true color,73 kb
213,AGOSTINO DI DUCCIO,st bridget of sweden receiving the rule of her order (detail),images/artworks/213.jpg,1459,marble,metropolitan museum of art,new york,954*1082,true color,183 kb
214,AGOSTINO DI DUCCIO,angels playing a lute and tambourine (detail),images/artworks/214.jpg,1457-61,marble,oratorio di san bernardino,perugia,926*1165,true color,179 kb
215,AGOSTINO DI DUCCIO,scenes from the life of st geminian,images/artworks/215.jpg,1442,marble,duomo di san geminiano,modena,1121*674,true color,182 kb
216,AGOSTINO DI DUCCIO,madonna (detail),images/artworks/216.jpg,c. 1475,pietra caciolfa,galleria nazionale dell'umbria,perugia,926*1165,true color,67 kb
217,AGOSTINO DI DUCCIO,virgin and child,images/artworks/217.jpg,c. 1450,glazed terracotta,galleria nazionale dell'umbria,perugia,666*909,true color,58 kb
218,AGOSTINO DI DUCCIO,virgin and child with four angels,images/artworks/218.jpg,1464-69,marble,81 x 76 cm,"musée du louvre, paris",1444*1500,true color,256 kb
219,AGOSTINO DI DUCCIO,madonna and child with two angels,images/artworks/219.jpg,c. 1450,marble,91 x 77 cm,"musée du louvre, paris",1272*1891,true color,196 kb
220,AGOSTINO DI DUCCIO,virgin and child with five angels,images/artworks/220.jpg,1450s,marble relief,57 x 51 cm,"victoria and albert museum, london",1348*1500,true color,242 kb
221,AGOSTINO DI DUCCIO,monument of matteo and elisabetta geraldini (detail),images/artworks/221.jpg,1477,marble,san francesco,amelia,1000*1500,true color,193 kb
222,AGOSTINO DI DUCCIO,monument of matteo and elisabetta geraldini (detail),images/artworks/222.jpg,1477,marble,san francesco,amelia,1000*1500,true color,191 kb
223,AGOSTINO DI DUCCIO,monument of matteo and elisabetta geraldini (detail),images/artworks/223.jpg,1477,marble,san francesco,amelia,1500*1000,true color,212 kb
224,AGOSTINO DI DUCCIO,monument of matteo and elisabetta geraldini,images/artworks/224.jpg,1477,marble,san francesco,amelia,900*1023,true color,189 kb
225,AGOSTINO DI DUCCIO,monument of matteo and elisabetta geraldini,images/artworks/225.jpg,1477,marble,san francesco,amelia,1440*1500,true color,241 kb
226,AGOSTINO DI DUCCIO,the angel gabriel,images/artworks/226.jpg,1470s,terracotta with traces of paint,height 146 cm,"szépmûvészeti múzeum, budapest",470*866,true color,69 kb
227,AGOSTINO DI DUCCIO,dossal (detail),images/artworks/227.jpg,1459,painted stone and terracotta,san domenico,perugia,894*1500,true color,247 kb
228,AGOSTINO DI DUCCIO,dossal (detail),images/artworks/228.jpg,1459,painted stone and terracotta,san domenico,perugia,892*1500,true color,273 kb
229,AGOSTINO DI DUCCIO,dossal (detail),images/artworks/229.jpg,1459,painted stone and terracotta,san domenico,perugia,939*1500,true color,261 kb
230,AGOSTINO DI DUCCIO,dossal (detail),images/artworks/230.jpg,1459,painted stone and terracotta,san domenico,perugia,786*1500,true color,247 kb
231,AGOSTINO DI DUCCIO,dossal,images/artworks/231.jpg,1459,painted stone and terracotta,san domenico,perugia,859*1500,true color,260 kb
232,AGOSTINO DI DUCCIO,madonna del carmine,images/artworks/232.jpg,1465-80,marble,83 x 68 cm,"museo nazionale del bargello, florence",482*640,grayscale,98 kb
233,AGOSTINO DI DUCCIO,st bridget of sweden receiving the rule of her order (detail),images/artworks/233.jpg,1459,marble,metropolitan museum of art,new york,825*1077,true color,170 kb
234,AGOSTINO DI DUCCIO,view of the cappella delle arti liberali,images/artworks/234.jpg,1449-56,photo,tempio malatestiano,rimini,1500*2000,true color,234 kb
235,AGOSTINO DI DUCCIO,st louis of toulouse,images/artworks/235.jpg,c. 1442,marble,sant'alvise,venice,1300*870,true color,255 kb
236,AGOSTINO DI DUCCIO,angels playing a lute and tambourine,images/artworks/236.jpg,1457-61,marble,oratorio di san bernardino,perugia,428*909,true color,75 kb
237,AGOSTINO DI DUCCIO,cappella dei pianeti (detail),images/artworks/237.jpg,1449-56,photo,tempio malatestiano,rimini,883*1600,true color,166 kb
238,AGOSTINO DI DUCCIO,sculptures on the façade (detail),images/artworks/238.jpg,1457-61,marble,oratorio di san bernardino,perugia,962*1300,true color,274 kb
239,AGOSTINO DI DUCCIO,cappella dei pianeti (detail),images/artworks/239.jpg,1449-56,photo,tempio malatestiano,rimini,848*1600,true color,239 kb
240,AGOSTINO DI DUCCIO,cappella dei martiri (detail),images/artworks/240.jpg,1449-56,marble,tempio malatestiano,rimini,1067*1600,true color,247 kb
241,AGOSTINO DI DUCCIO,cappella dei martiri (detail),images/artworks/241.jpg,1449-56,marble,tempio malatestiano,rimini,1200*1800,true color,272 kb
242,AGOSTINO DI DUCCIO,cappella dei martiri (detail),images/artworks/242.jpg,1449-56,marble,tempio malatestiano,rimini,969*1500,true color,279 kb
243,AGOSTINO DI DUCCIO,cappella dei martiri (detail),images/artworks/243.jpg,1449-56,marble,tempio malatestiano,rimini,1170*1800,true color,284 kb
244,AGOSTINO DI DUCCIO,cappella dei martiri (detail),images/artworks/244.jpg,1449-56,marble,tempio malatestiano,rimini,859*2000,true color,194 kb
245,AGOSTINO DI DUCCIO,cappella dei martiri (detail),images/artworks/245.jpg,1449-56,marble,tempio malatestiano,rimini,1102*1600,true color,267 kb
246,AGOSTINO DI DUCCIO,cappella dei martiri (detail),images/artworks/246.jpg,1449-56,marble,tempio malatestiano,rimini,1007*2000,true color,228 kb
247,AGOSTINO DI DUCCIO,cappella dei martiri (detail),images/artworks/247.jpg,1449-56,marble,tempio malatestiano,rimini,1092*1800,true color,267 kb
248,AGOSTINO DI DUCCIO,cappella dei martiri (detail),images/artworks/248.jpg,1449-56,marble,tempio malatestiano,rimini,1205*2000,true color,288 kb
249,AGOSTINO DI DUCCIO,view of the cappella dei martiri,images/artworks/249.jpg,1449-56,photo,tempio malatestiano,rimini,1350*1800,true color,278 kb
250,AGOSTINO DI DUCCIO,cappella dei martiri (detail),images/artworks/250.jpg,1449-56,marble,tempio malatestiano,rimini,1225*1800,true color,280 kb
251,AGOSTINO DI DUCCIO,cappella di san sigismondo (detail),images/artworks/251.jpg,1449-56,marble,tempio malatestiano,rimini,1200*1800,true color,261 kb
252,AGOSTINO DI DUCCIO,cappella di san sigismondo (detail),images/artworks/252.jpg,1449-56,marble,tempio malatestiano,rimini,1279*1800,true color,269 kb
253,AGOSTINO DI DUCCIO,cappella di san sigismondo (detail),images/artworks/253.jpg,1449-56,marble,tempio malatestiano,rimini,917*2000,true color,216 kb
254,AGOSTINO DI DUCCIO,cappella di san sigismondo (detail),images/artworks/254.jpg,1449-56,marble,tempio malatestiano,rimini,1217*2000,true color,282 kb
255,AGOSTINO DI DUCCIO,cappella di san sigismondo (detail),images/artworks/255.jpg,1449-56,marble,tempio malatestiano,rimini,1142*1800,true color,260 kb
256,AGOSTINO DI DUCCIO,cappella di san sigismondo (detail),images/artworks/256.jpg,1449-56,marble,tempio malatestiano,rimini,1643*2000,true color,288 kb
257,AGOSTINO DI DUCCIO,cappella di san sigismondo (detail),images/artworks/257.jpg,1449-56,marble,tempio malatestiano,rimini,1056*2000,true color,220 kb
258,AGOSTINO DI DUCCIO,cappella di san sigismondo (detail),images/artworks/258.jpg,1449-56,marble,tempio malatestiano,rimini,2200*1467,true color,248 kb
259,AGOSTINO DI DUCCIO,cappella di san sigismondo (detail),images/artworks/259.jpg,1449-56,marble,tempio malatestiano,rimini,1333*2000,true color,270 kb
260,AGOSTINO DI DUCCIO,view of the cappella di san sigismondo,images/artworks/260.jpg,1449-56,photo,tempio malatestiano,rimini,1350*1800,true color,287 kb
261,AGOSTINO DI DUCCIO,cappella dei pianeti (detail),images/artworks/261.jpg,1449-56,photo,tempio malatestiano,rimini,1067*1600,true color,219 kb
262,AGOSTINO DI DUCCIO,cappella di san sigismondo (detail),images/artworks/262.jpg,1449-56,marble,tempio malatestiano,rimini,1071*1800,true color,261 kb
263,AGOSTINO DI DUCCIO,cappella dei martiri (detail),images/artworks/263.jpg,1449-56,marble,tempio malatestiano,rimini,1600*1067,true color,258 kb
264,AGOSTINO DI DUCCIO,interior view,images/artworks/264.jpg,1449-56,photo,tempio malatestiano,rimini,1900*1267,true color,282 kb
265,AGOSTINO DI DUCCIO,cappella dei martiri (detail),images/artworks/265.jpg,1449-56,marble,tempio malatestiano,rimini,808*1200,true color,194 kb
266,AGOSTINO DI DUCCIO,cappella dei pianeti (detail),images/artworks/266.jpg,1449-56,photo,tempio malatestiano,rimini,925*1600,true color,223 kb
267,AGOSTINO DI DUCCIO,cappella dei pianeti (detail),images/artworks/267.jpg,1449-56,photo,tempio malatestiano,rimini,578*1200,true color,160 kb
268,AGOSTINO DI DUCCIO,cappella dei pianeti (detail),images/artworks/268.jpg,1449-56,photo,tempio malatestiano,rimini,691*1000,true color,143 kb
269,AGOSTINO DI DUCCIO,cappella dei pianeti (detail),images/artworks/269.jpg,1449-56,photo,tempio malatestiano,rimini,1212*1800,true color,284 kb
270,AGOSTINO DI DUCCIO,cappella dei pianeti (detail),images/artworks/270.jpg,1449-56,photo,tempio malatestiano,rimini,1018*1600,true color,261 kb
271,AGOSTINO DI DUCCIO,cappella dei pianeti (detail),images/artworks/271.jpg,1449-56,photo,tempio malatestiano,rimini,1156*1800,true color,265 kb
272,AGOSTINO DI DUCCIO,cappella dei pianeti (detail),images/artworks/272.jpg,1449-56,photo,tempio malatestiano,rimini,1147*2000,true color,266 kb
273,AGOSTINO DI DUCCIO,view of the cappella dei pianeti,images/artworks/273.jpg,1449-56,photo,tempio malatestiano,rimini,1500*2000,true color,252 kb
274,AGOSTINO DI DUCCIO,cappella dei giochi infantili (detail),images/artworks/274.jpg,1449-56,photo,tempio malatestiano,rimini,944*2000,true color,244 kb
275,AGOSTINO DI DUCCIO,cappella dei giochi infantili (detail),images/artworks/275.jpg,1449-56,photo,tempio malatestiano,rimini,1200*1193,true color,165 kb
276,AGOSTINO DI DUCCIO,cappella dei pianeti (detail),images/artworks/276.jpg,1449-56,photo,tempio malatestiano,rimini,1003*1600,true color,248 kb
277,AGOSTINO DI DUCCIO,cappella dei giochi infantili (detail),images/artworks/277.jpg,1449-56,photo,tempio malatestiano,rimini,1183*1400,true color,217 kb
278,AGOSTINO DI DUCCIO,cappella dei giochi infantili (detail),images/artworks/278.jpg,1449-56,photo,tempio malatestiano,rimini,1210*1400,true color,197 kb
279,AGOSTINO DI DUCCIO,view of the cappella di isotta,images/artworks/279.jpg,1449-56,photo,tempio malatestiano,rimini,1500*2000,true color,202 kb
280,AGOSTINO DI DUCCIO,musician angels,images/artworks/280.jpg,1450-55,marble,tempio malatestiano,rimini,700*1118,true color,121 kb
281,AGOSTINO DI DUCCIO,cappella di isotta (detail),images/artworks/281.jpg,1449-56,photo,tempio malatestiano,rimini,1400*1050,true color,168 kb
282,AGOSTINO DI DUCCIO,cappella di isotta (detail),images/artworks/282.jpg,1449-56,photo,tempio malatestiano,rimini,1165*2000,true color,252 kb
283,AGOSTINO DI DUCCIO,cappella dei martiri (detail),images/artworks/283.jpg,1449-56,marble,tempio malatestiano,rimini,1400*1003,true color,270 kb
284,AGOSTINO DI DUCCIO,cappella di isotta (detail),images/artworks/284.jpg,1449-56,photo,tempio malatestiano,rimini,1371*2000,true color,285 kb
285,AGOSTINO DI DUCCIO,cappella di isotta (detail),images/artworks/285.jpg,1449-56,photo,tempio malatestiano,rimini,1360*2000,true color,254 kb
286,AGOSTINO DI DUCCIO,view of the cappella dei giochi infantili,images/artworks/286.jpg,1449-56,photo,tempio malatestiano,rimini,1299*1800,true color,289 kb
287,AGOSTINO DI DUCCIO,cappella dei giochi infantili (detail),images/artworks/287.jpg,1449-56,photo,tempio malatestiano,rimini,2000*1419,true color,224 kb
288,AGOSTINO DI GIOVANNI,monument to bishop guido tarlati,images/artworks/288.jpg,c. 1330,marble,duomo,arezzo,900*1271,grayscale,175 kb
289,AGOSTINO DI GIOVANNI,monument to bishop guido tarlati (detail),images/artworks/289.jpg,c. 1330,marble,duomo,arezzo,1020*834,grayscale,99 kb
290,AGOSTINO DI GIOVANNI,monument to bishop guido tarlati (detail),images/artworks/290.jpg,c. 1330,marble,duomo,arezzo,1000*750,true color,136 kb
291,AGOSTINO DI GIOVANNI,monument to bishop guido tarlati (detail),images/artworks/291.jpg,c. 1330,marble,duomo,arezzo,1333*1000,true color,182 kb
292,AGOSTINO DI GIOVANNI,monument to bishop guido tarlati,images/artworks/292.jpg,c. 1330,marble,duomo,arezzo,675*900,true color,92 kb
293,AGOSTINO DI GIOVANNI,monument to bishop guido tarlati,images/artworks/293.jpg,c. 1330,marble,duomo,arezzo,900*1200,true color,171 kb
294,AGOSTINO DI GIOVANNI,virgin annunciate (detail),images/artworks/294.jpg,c. 1321,polychrome wood,museo nazionale di san matteo,pisa,883*1273,true color,197 kb
295,AGOSTINO DI GIOVANNI,st francis,images/artworks/295.jpg,-,marble,pinacoteca nazionale,siena,418*1137,true color,99 kb
296,AGOSTINO DI GIOVANNI,st elizabeth of hungary,images/artworks/296.jpg,-,marble,pinacoteca nazionale,siena,493*1272,true color,108 kb
297,AGOSTINO DI GIOVANNI,coat of arms of the captain and the roman she-wolf,images/artworks/297.jpg,1330s,marble,palazzo pubblico,siena,1600*1200,true color,257 kb
298,AGOSTINO DI GIOVANNI,monument to bishop guido tarlati,images/artworks/298.jpg,c. 1330,marble,duomo,arezzo,675*900,true color,79 kb
299,"AGRATE, Gian Francesco Ferrari d'",sepulchral monument to sforzino sforza,images/artworks/299.jpg,1528-36,marble,santa maria della steccata,parma,1175*1175,true color,170 kb
300,"AGRESTI, Livio",virgin and child with st john the baptist and a musician angel,images/artworks/300.jpg,-,oil on walnut panel,23 x 18 cm,private collection,813*1000,true color,223 kb
301,"AGRESTI, Livio",circumcision,images/artworks/301.jpg,1558,oil on canvas,museo diocesano e capitolare,terni,1002*1500,true color,234 kb
302,"AGUADO LÓPEZ, Antonio",general view,images/artworks/302.jpg,1816-17,photo,puerta de toledo,madrid,1157*1400,true color,226 kb
303,"AGUADO LÓPEZ, Antonio",exterior view,images/artworks/303.jpg,1818-50,photo,teatro real,madrid,1400*1184,true color,241 kb
304,"AIMO, Domenico",dormition of the virgin,images/artworks/304.jpg,1523-36,marble,santa casa,loreto,1600*1237,true color,250 kb
305,"AIMO, Domenico",view of the façade,images/artworks/305.jpg,1520s,photo,san petronio,bologna,1500*1119,true color,206 kb
306,"AIMO, Domenico",left lateral portal,images/artworks/306.jpg,1520s,photo,san petronio,bologna,1125*1500,true color,168 kb
307,"AIMO, Domenico",right lateral portal,images/artworks/307.jpg,1520s,photo,san petronio,bologna,1125*1500,true color,154 kb
308,"AIMO, Domenico",pope leo x,images/artworks/308.jpg,1521,marble,santa maria in aracoeli,rome,678*1024,true color,72 kb
309,"AIVAZOVSKY, Ivan Konstantinovich",ship in the stormy sea,images/artworks/309.jpg,1887,oil on canvas,63 x 97 cm,"the hermitage, st. petersburg",907*1255,true color,92 kb
310,"AIVAZOVSKY, Ivan Konstantinovich",shipwreck,images/artworks/310.jpg,1856,pencil and gouache on paper,230 x 327 mm,private collection,1500*993,true color,122 kb
311,"AIVAZOVSKY, Ivan Konstantinovich",a strong wind,images/artworks/311.jpg,1856,pencil and gouache on paper,230 x 327 mm,private collection,1500*1105,true color,116 kb
312,"AIVAZOVSKY, Ivan Konstantinovich",the ninth wave,images/artworks/312.jpg,1850,oil on canvas,221 x 332 cm,"state russian museum, st. petersburg",1300*858,true color,76 kb
313,"AKEN, Joseph van",the van aken brothers,images/artworks/313.jpg,-,oil on canvas,89 x 125 cm,private collection,1022*722,true color,82 kb
314,"AKEN, Joseph van",a sporting conversation piece,images/artworks/314.jpg,c. 1730,oil on canvas,58 x 71 cm,private collection,1017*822,true color,109 kb
315,"AKEN, Joseph van",a vegetable seller and his son,images/artworks/315.jpg,-,oil on canvas,76 x 64 cm,private collection,1226*1500,true color,211 kb
316,"AKEN, Joseph van",vegetable and fruit market,images/artworks/316.jpg,-,oil on canvas,76 x 64 cm,private collection,1151*1400,true color,219 kb
317,"AKOTANTOS, Angelos",the virgin cardiotissa,images/artworks/317.jpg,1400-50,tempera and leaf on panel,"121 x 96,5 cm","byzantine and christian museum, athens",850*1061,true color,159 kb
318,"AKOTANTOS, Angelos",the congregation of the archangels,images/artworks/318.jpg,-,tempera on panel,vatopediou monastery,mount athos,561*600,true color,148 kb
319,"ALBA, Macrino d'",figure of a saint,images/artworks/319.jpg,-,oil on panel,48 x 27 cm,private collection,683*1200,true color,153 kb
320,"ALBANI, Francesco","the phaethon legend: river gods eridanus, heliades, and cycnus (detail)",images/artworks/320.jpg,1609-10,fresco,palazzo odescalchi giustiniani,bassano romano,1011*1300,true color,198 kb
321,"ALBANI, Francesco",the holy family,images/artworks/321.jpg,c. 1610,oil on copper,"37,5 x 28,5 cm",private collection,924*1200,true color,164 kb
322,"ALBANI, Francesco",the holy family in a landscape,images/artworks/322.jpg,1608-10,oil on copper,34 x 26 cm,private collection,839*1073,true color,72 kb
323,"ALBANI, Francesco",holy family,images/artworks/323.jpg,1630-35,oil on canvas,57 x 43 cm,"galleria palatina (palazzo pitti), florence",604*846,true color,96 kb
324,"ALBANI, Francesco",venus attended by nymphs and cupids,images/artworks/324.jpg,1633,oil on canvas,114 x 171 cm,"museo del prado, madrid",926*626,true color,114 kb
325,"ALBANI, Francesco",the toilet of venus,images/artworks/325.jpg,c. 1610,oil on canvas,89 x 99 cm,"pinacoteca nazionale, bologna",1400*1243,true color,220 kb
326,"ALBANI, Francesco",toilet of venus,images/artworks/326.jpg,1621-33,oil on canvas,202 x 252 cm,"musée du louvre, paris",1018*800,true color,112 kb
327,"ALBANI, Francesco",diana and actaeon,images/artworks/327.jpg,c. 1617,oil on copper,52 x 61 cm,"musée du louvre, paris",1300*1040,true color,170 kb
328,"ALBANI, Francesco",the cupids disarmed,images/artworks/328.jpg,1621-33,oil on canvas,202 x 250 cm,"musée du louvre, paris",1008*800,true color,112 kb
329,"ALBANI, Francesco",the phaethon legend: fall of phaethon and olympian gods,images/artworks/329.jpg,1609-10,fresco,palazzo odescalchi giustiniani,bassano romano,912*1500,true color,222 kb
330,"ALBANI, Francesco",the phaethon legend: neptune taming horses,images/artworks/330.jpg,1609-10,fresco,palazzo odescalchi giustiniani,bassano romano,1624*1000,true color,240 kb
331,"ALBANI, Francesco","the phaethon legend: river gods eridanus, heliades, and cycnus",images/artworks/331.jpg,1609-10,fresco,palazzo odescalchi giustiniani,bassano romano,1566*900,true color,226 kb
332,"ALBANI, Francesco",the phaethon legend: venus at her toilet,images/artworks/332.jpg,1609-10,fresco,palazzo odescalchi giustiniani,bassano romano,1006*1300,true color,202 kb
333,"ALBANI, Francesco",the phaethon legend: lamenting mother earth,images/artworks/333.jpg,1609-10,fresco,palazzo odescalchi giustiniani,bassano romano,1006*1300,true color,207 kb
334,"ALBANI, Francesco",the phaethon legend: galatea on a dolphin,images/artworks/334.jpg,1609-10,fresco,palazzo odescalchi giustiniani,bassano romano,1054*1300,true color,195 kb
335,"ALBANI, Francesco",the phaethon legend,images/artworks/335.jpg,1609-10,fresco,palazzo odescalchi giustiniani,bassano romano,1274*1200,true color,254 kb
336,"ALBANI, Francesco",diana and actaeon,images/artworks/336.jpg,1625-30,oil on wood transferred to canvas,"74,5 x 99,5 cm","gemäldegalerie, dresden",1059*770,true color,155 kb
337,"ALBANI, Francesco",mercury,images/artworks/337.jpg,c. 1609,black crayon with white highlights on blue paper,504 x 400 mm,"royal collection, windsor",833*1000,true color,123 kb
338,"ALBANI, Francesco",adonis led by cupids to venus (detail),images/artworks/338.jpg,1600,oil on canvas,musée du louvre,paris,650*565,true color,108 kb
339,"ALBANI, Francesco",spring (venus at her toilet),images/artworks/339.jpg,1616-17,oil on canvas,diameter 154 cm,"galleria borghese, rome",750*744,true color,108 kb
340,"ALBANI, Francesco",spring (detail),images/artworks/340.jpg,1616-17,oil on canvas,galleria borghese,rome,750*1184,true color,140 kb
341,"ALBANI, Francesco",summer (venus in vulcan's forge),images/artworks/341.jpg,1616-17,oil on canvas,diameter 154 cm,"galleria borghese, rome",750*741,true color,95 kb
342,"ALBANI, Francesco",autumn (venus and adonis),images/artworks/342.jpg,1616-17,oil on canvas,diameter 154 cm,"galleria borghese, rome",1148*900,true color,206 kb
343,"ALBANI, Francesco",winter (the triumph of diana),images/artworks/343.jpg,1616-17,oil on canvas,diameter 154 cm,"galleria borghese, rome",750*750,true color,94 kb
344,"ALBANI, Francesco",the four elements: water,images/artworks/344.jpg,1626-28,oil on canvas,diameter 180 cm,"galleria sabauda, turin",1208*1220,true color,238 kb
345,"ALBANI, Francesco",the four elements: water (detail),images/artworks/345.jpg,1626-28,oil on canvas,galleria sabauda,turin,1300*867,true color,138 kb
346,"ALBANI, Francesco",the four elements: earth,images/artworks/346.jpg,1626-28,oil on canvas,diameter 180 cm,"galleria sabauda, turin",1220*1159,true color,244 kb
347,"ALBANI, Francesco",the four elements: earth (detail),images/artworks/347.jpg,1626-28,oil on canvas,galleria sabauda,turin,1300*867,true color,143 kb
348,"ALBANI, Francesco",the four elements: fire,images/artworks/348.jpg,1626-28,oil on canvas,diameter 180 cm,"galleria sabauda, turin",1220*1140,true color,221 kb
349,"ALBANI, Francesco",the four elements: fire (detail),images/artworks/349.jpg,1626-28,oil on canvas,galleria sabauda,turin,1300*867,true color,140 kb
350,"ALBANI, Francesco",the four elements: air,images/artworks/350.jpg,1626-28,oil on canvas,diameter 180 cm,"galleria sabauda, turin",1211*1220,true color,241 kb
351,"ALBANI, Francesco",the four elements: air (detail),images/artworks/351.jpg,1626-28,oil on canvas,galleria sabauda,turin,1300*867,true color,107 kb
352,"ALBANI, Francesco",ceiling vault of piano nobile loggia,images/artworks/352.jpg,1611-12,fresco,palazzo verospi,rome,1500*784,true color,237 kb
353,"ALBANI, Francesco",ceiling painting,images/artworks/353.jpg,1634,fresco,villa corsini a mezzomonte,impruneta,1200*1135,true color,249 kb
354,"ALBANI, Francesco",the annunciation,images/artworks/354.jpg,-,oil on copper,62 x 47 cm,"the hermitage, st. petersburg",805*1063,true color,130 kb
355,"ALBEREGNO, Jacobello",the harvest of the world,images/artworks/355.jpg,1360-90,tempera on panel,45 x 33 cm,"gallerie dell'accademia, venice",900*1167,true color,179 kb
356,"ALBEREGNO, Jacobello",triptych,images/artworks/356.jpg,1360-90,tempera on panel,45 x 56 cm,"gallerie dell'accademia, venice",936*700,true color,139 kb
357,"ALBEREGNO, Jacobello",polyptych of the apocalypse,images/artworks/357.jpg,1360-90,tempera on panel,95 x 61 cm (centre),"45 x 33 cm (sides), gallerie dell'accademia, venice",1895*900,true color,191 kb
358,"ALBEREGNO, Jacobello",polyptych of the apocalypse (central panel),images/artworks/358.jpg,1360-90,tempera on panel,95 x 61 cm,"gallerie dell'accademia, venice",850*1309,true color,182 kb
359,"ALBERTI, Antonio",st john fresco cycle,images/artworks/359.jpg,c. 1416,fresco,oratory of san giovanni battista,urbino,1541*900,true color,181 kb
360,"ALBERTI, Cherubino",fame,images/artworks/360.jpg,-,engraving. 320 x 170 cm,british museum,london,500*971,true color,137 kb
361,"ALBERTI, Cherubino",part of the sistine chapel ceiling,images/artworks/361.jpg,1577,engraving,british museum,london,1109*900,grayscale,224 kb
362,"ALBERTI, Cherubino",madonna and child in glory with angels,images/artworks/362.jpg,-,engraving. 280 x 190 mm,fine arts museums of san francisco,san francisco,631*920,true color,169 kb
363,"ALBERTI, Cherubino",the cardinal virtues,images/artworks/363.jpg,-,fresco,sala clementina,"vatican palace, rome",1200*1023,true color,267 kb
364,"ALBERTI, Giovanni",ceiling decoration,images/artworks/364.jpg,1596-1602,fresco,palazzo pontifici,vatican,800*1435,true color,188 kb
365,"ALBERTI, Leon Battista",palazzo ruccelai: façade (detail),images/artworks/365.jpg,1446-51,photo,via della vigna nuova,florence,990*990,true color,183 kb
366,"ALBERTI, Leon Battista",palazzo ruccelai: façade (detail),images/artworks/366.jpg,1446-51,photo,via della vigna nuova,florence,964*1100,true color,240 kb
367,"ALBERTI, Leon Battista",self-portrait,images/artworks/367.jpg,c. 1435,bronze,height 20 cm,"national gallery of art, washington",548*800,true color,75 kb
368,"ALBERTI, Leon Battista",façade of the tempietto,images/artworks/368.jpg,1467,marble,cappella ruccelai,"san pancrazio, florence",645*900,true color,83 kb
369,"ALBERTI, Leon Battista",tempio malatestiano: original plan,images/artworks/369.jpg,1450,drawing,via quattro novembre,rimini,1000*814,true color,152 kb
370,"ALBERTI, Leon Battista",tempio malatestiano: façade,images/artworks/370.jpg,1450,photo,via quattro novembre,rimini,2000*1500,true color,236 kb
371,"ALBERTI, Leon Battista",tempio malatestiano: façade,images/artworks/371.jpg,1450,photo,via quattro novembre,rimini,1300*985,true color,206 kb
372,"ALBERTI, Leon Battista",palazzo ruccelai: façade,images/artworks/372.jpg,1446-51,photo,via della vigna nuova,florence,686*909,true color,145 kb
373,"ALBERTI, Leon Battista",view of the tempietto,images/artworks/373.jpg,1467,marble,cappella ruccelai,"san pancrazio, florence",900*1224,true color,175 kb
374,"ALBERTI, Leon Battista",palazzo ruccelai: façade,images/artworks/374.jpg,1446-51,photo,via della vigna nuova,florence,1000*1151,true color,235 kb
375,"ALBERTI, Leon Battista",apse of the tempietto,images/artworks/375.jpg,1467,marble,cappella ruccelai,"san pancrazio, florence",578*900,true color,75 kb
376,"ALBERTI, Leon Battista",exterior view,images/artworks/376.jpg,c. 1246-1470,photo,santa maria novella,florence,1341*900,true color,239 kb
377,"ALBERTI, Leon Battista",exterior view,images/artworks/377.jpg,began c. 1246,photo,santa maria novella,florence,1164*1165,true color,221 kb
378,"ALBERTI, Leon Battista",façade,images/artworks/378.jpg,1458-70,photo,santa maria novella,florence,1000*1160,true color,219 kb
379,"ALBERTI, Leon Battista",sant'andrea: interior,images/artworks/379.jpg,1472-92,photo,piazza andrea mantegna,mantua,1438*1000,true color,253 kb
380,"ALBERTI, Leon Battista",sant'andrea: interior,images/artworks/380.jpg,1472-92,photo,piazza andrea mantegna,mantua,1000*1000,true color,203 kb
381,"ALBERTI, Leon Battista",sant'andrea: façade,images/artworks/381.jpg,1472-92,photo,piazza andrea mantegna,mantua,928*1300,true color,143 kb
382,"ALBERTI, Leon Battista",sant'andrea: façade,images/artworks/382.jpg,1472-92,photo,piazza andrea mantegna,mantua,857*1100,true color,140 kb
383,"ALBERTI, Leon Battista",exterior view,images/artworks/383.jpg,begun 1460,photo,san sebastiano,mantua,900*513,true color,126 kb
384,"ALBERTI, Leon Battista",exterior view,images/artworks/384.jpg,begun 1460,photo,san sebastiano,mantua,1436*1728,true color,212 kb
385,"ALBERTI, Leon Battista",exterior view,images/artworks/385.jpg,begun 1460,photo,san sebastiano,mantua,1300*1300,true color,199 kb
386,"ALBERTI, Leon Battista",courtyard,images/artworks/386.jpg,after 1455,photo,palazzo venezia,rome,1316*1200,true color,195 kb
387,"ALBERTINELLI, Mariotto",visitation,images/artworks/387.jpg,1508,oil on panel,enlarged at the top,"147 x 116 cm, private collection",800*1003,true color,56 kb
388,"ALBERTINELLI, Mariotto",circumcision,images/artworks/388.jpg,1503,oil on wood,23 x 50 cm,"galleria degli uffizi, florence",900*420,true color,92 kb
389,"ALBERTINELLI, Mariotto",birth of christ,images/artworks/389.jpg,1503,oil on wood,23 x 50 cm,"galleria degli uffizi, florence",764*316,true color,63 kb
390,"ALBERTINELLI, Mariotto",annunciation,images/artworks/390.jpg,1503,oil on wood,23 x 50 cm,"galleria degli uffizi, florence",694*318,true color,57 kb
391,"ALBERTINELLI, Mariotto",virgin and child,images/artworks/391.jpg,c. 1512,panel,51 x 35 cm,"pinacoteca manfrediniana, venice",825*1200,true color,145 kb
392,"ALBERTINELLI, Mariotto",virgin and child,images/artworks/392.jpg,1505-10,tempera on panel,60 x 47 cm,private collection,854*1100,true color,160 kb
393,"ALBERTINELLI, Mariotto",adoration of the child with angel,images/artworks/393.jpg,1497-99,panel,diameter 86 cm,"galleria palatina (palazzo pitti), florence",942*934,true color,94 kb
394,"ALBERTINELLI, Mariotto",visitation,images/artworks/394.jpg,1503,oil on wood,232 x 146 cm,"galleria degli uffizi, florence",950*1494,true color,172 kb
395,"ALBERTOLLI, Giocondo",white hall (or stucco hall),images/artworks/395.jpg,1774-76,stucco,palazzo pitti,florence,1500*986,true color,286 kb
396,"ALBOTTO, Francesco",view of campo santi giovanni e paolo,images/artworks/396.jpg,c. 1745,oil on canvas,61 x 97 cm,"museo nazionale di capodimonte, naples",1082*680,true color,120 kb
397,"ALBOTTO, Francesco",san giuseppe di castello,images/artworks/397.jpg,c. 1745,oil on canvas,"59,5 x 97 cm",private collection,1111*650,true color,95 kb
398,"ALCIBAR, José de",portrait of maría anna josefa taking vow,images/artworks/398.jpg,1793,oil on canvas,"103,5 x 83,5 cm","szépmûvészeti múzeum, budapest",820*1018,true color,135 kb
399,"ALDROVANDI, Ulisse",blue-headed quail-dove,images/artworks/399.jpg,1600,woodcut,biblioteca,"university of bologna, bologna",1258*770,true color,126 kb
400,"ALDROVANDI, Ulisse",mountain coati,images/artworks/400.jpg,-,woodcut,biblioteca,"university of bologna, bologna",1200*783,true color,96 kb
401,"ALDROVANDI, Ulisse",red hartebeest and mountain coati,images/artworks/401.jpg,-,watercolour,biblioteca,"university of bologna, bologna",808*1200,true color,94 kb
402,"ALDROVANDI, Ulisse",red hartebeest and blackbuck,images/artworks/402.jpg,-,watercolour,biblioteca,"university of bologna, bologna",857*1300,true color,125 kb
403,"ALDROVANDI, Ulisse",red-flanked duiker,images/artworks/403.jpg,-,woodcut,biblioteca,"university of bologna, bologna",806*1200,true color,146 kb
404,"ALDROVANDI, Ulisse",red hartebeest,images/artworks/404.jpg,-,woodcut,biblioteca,"university of bologna, bologna",788*1200,true color,107 kb
405,"ALDROVANDI, Ulisse",specimens of nature,images/artworks/405.jpg,-,watercolour,465 x 360 mm,"biblioteca, university of bologna, bologna",731*1034,true color,137 kb
406,"ALDROVANDI, Ulisse",blackbuck,images/artworks/406.jpg,-,woodcut,biblioteca,"university of bologna, bologna",817*1200,true color,139 kb
407,"ALEANDRI, Ireneo",interior view,images/artworks/407.jpg,1820-29,photo,sferisterio,macerata,1500*978,true color,211 kb
408,"ALEANDRI, Ireneo",interior view,images/artworks/408.jpg,1820-29,photo,sferisterio,macerata,1500*998,true color,174 kb
409,"ALEANDRI, Ireneo",viaduct,images/artworks/409.jpg,1847-57,photo,ariccia,near rome,1400*729,true color,171 kb
410,"ALEANDRI, Ireneo",exterior view,images/artworks/410.jpg,1820-29,photo,sferisterio,macerata,1400*929,true color,236 kb
411,"ALEKSANDROVIĆ, Ljubomir",grape harvest girl,images/artworks/411.jpg,1878,oil on canvas,127 x 94 cm,"national museum, belgrade",1125*1400,true color,158 kb
412,"ALEKSEYEV, Fyodor Yakovlevich",the flood of 1824 in the square at the bolshoi kamenny theatre,images/artworks/412.jpg,1824,oil on canvas,70 x 108 cm,"state russian museum, st. petersburg",1200*990,true color,156 kb
413,"ALEKSEYEV, Fyodor Yakovlevich",red square in moscow,images/artworks/413.jpg,1801,oil on canvas,81 x 111 cm,"state tretyakov gallery, moscow",1200*833,true color,223 kb
414,"ALEKSEYEV, Fyodor Yakovlevich",view of the resurrection gate and neglinny bridge from tverskaya street,images/artworks/414.jpg,1800-10,watercolour,indian ink,"gouache and lead pencil, 545 x 315 mm, the hermitage, st. petersburg",1400*1251,true color,216 kb
415,"ALEKSEYEV, Fyodor Yakovlevich",view of st. petersburg,images/artworks/415.jpg,c. 1795,oil on canvas,62 x 101 cm,"state tretyakov gallery, moscow",1400*857,true color,188 kb
416,"ALENZA Y NIETO, Leonardo",portrait of an architect,images/artworks/416.jpg,1825-30,oil on canvas,79 x 67 cm,private collection,800*941,true color,55 kb
417,"ALENZA Y NIETO, Leonardo",satire on romantic suicide,images/artworks/417.jpg,1839,oil on canvas,36 x 28 cm,"museo romántico, madrid",1649*2100,true color,281 kb
418,"ALENZA Y NIETO, Leonardo",satire on romantic suicide,images/artworks/418.jpg,c. 1839,oil on canvas,35 x 26 cm,"museo romántico, madrid",893*1200,true color,232 kb
419,"ALENZA Y NIETO, Leonardo",triumph of david,images/artworks/419.jpg,1842,oil on canvas,museo de la real academia de san fernando,madrid,1280*1051,true color,147 kb
420,"ALESSI, Galeazzo",interior of the loggia,images/artworks/420.jpg,1548,photo,villa giustiniani cambiaso,genoa,1050*747,true color,95 kb
421,"ALESSI, Galeazzo",façade,images/artworks/421.jpg,1548,photo,villa giustiniani cambiaso,genoa,1050*713,true color,104 kb
422,"ALESSI, Galeazzo",interior view,images/artworks/422.jpg,begun 1552,photo,santa maria assunta di carignano,genoa,900*596,true color,126 kb
423,"ALESSI, Galeazzo",aerial view,images/artworks/423.jpg,1552,photo,santa maria assunta di carignano,genoa,800*598,true color,149 kb
424,"ALESSI, Galeazzo",interior view,images/artworks/424.jpg,begun 1552,photo,santa maria assunta di carignano,genoa,1350*1800,true color,252 kb
425,"ALESSI, Galeazzo",view of the façade,images/artworks/425.jpg,1552,photo,santa maria assunta di carignano,genoa,1100*909,true color,136 kb
426,"ALESSI, Galeazzo",interior view,images/artworks/426.jpg,begun 1552,photo,santa maria assunta di carignano,genoa,777*1100,true color,176 kb
427,ALESSO DI BENOZZO,annunciation,images/artworks/427.jpg,1480-1500,tempera and gold on wood,41 x 36 cm,"metropolitan museum of art, new york",1253*1400,true color,216 kb
428,ALESSO DI BENOZZO,crucifixion,images/artworks/428.jpg,-,oil on panel,54 x 41 cm,private collection,834*1131,true color,113 kb
429,ALESSO DI BENOZZO,crucifixion (detail),images/artworks/429.jpg,-,oil on panel,private collection,,1249*991,true color,160 kb
430,ALESSO DI BENOZZO,madonna and child,images/artworks/430.jpg,-,tempera on panel,34 x 25 cm,private collection,853*1161,true color,118 kb
431,ALESSO DI BENOZZO,pietà,images/artworks/431.jpg,-,tempera on wood,musée d'art et d'histoire,geneva,1226*1400,true color,231 kb
432,ALEVIZ NOVY,general view,images/artworks/432.jpg,1514-17,photo,vysoko-petrovsky monastery,moscow,1400*1038,true color,238 kb
433,ALEVIZ NOVY,exterior view,images/artworks/433.jpg,1505-08,photo,cathedral of the archangel,"kremlin, moscow",1137*1500,true color,242 kb
434,ALEVIZ NOVY,exterior view,images/artworks/434.jpg,1514-17,photo,vysoko-petrovsky monastery,moscow,1124*1400,true color,248 kb
435,ALEVIZ NOVY,exterior view,images/artworks/435.jpg,1505-08,photo,cathedral of the archangel,"kremlin, moscow",1500*1473,true color,234 kb
436,ALEVIZ NOVY,exterior view,images/artworks/436.jpg,1505-08,photo,cathedral of the archangel,"kremlin, moscow",1900*1258,true color,244 kb
437,"ALGARDI, Alessandro",monument of pope leo xi (detail),images/artworks/437.jpg,1634-44,marble,basilica di san pietro,vatican,955*1200,true color,209 kb
438,"ALGARDI, Alessandro",monument of pope leo xi (detail),images/artworks/438.jpg,1634-44,marble,basilica di san pietro,vatican,845*1800,true color,150 kb
439,"ALGARDI, Alessandro",monument of pope leo xi (detail),images/artworks/439.jpg,1634-44,marble,basilica di san pietro,vatican,1800*1350,true color,282 kb
440,"ALGARDI, Alessandro",tomb of cardinal giovanni garzia mellini,images/artworks/440.jpg,1637-38,marble,santa maria del popolo,rome,1250*2100,true color,262 kb
441,"ALGARDI, Alessandro",the meeting of leo i and attila,images/artworks/441.jpg,1646-53,marble,height 750 cm,"basilica di san pietro, vatican",870*1092,true color,183 kb
442,"ALGARDI, Alessandro",the meeting of leo i and attila,images/artworks/442.jpg,1646-53,marble,height 750 cm,"basilica di san pietro, vatican",826*1051,true color,196 kb
443,"ALGARDI, Alessandro",the meeting of leo i and attila (detail),images/artworks/443.jpg,1646-53,marble,basilica di san pietro,vatican,888*894,grayscale,131 kb
444,"ALGARDI, Alessandro",the meeting of leo i and attila (detail),images/artworks/444.jpg,1646-53,marble,basilica di san pietro,vatican,873*906,grayscale,136 kb
445,"ALGARDI, Alessandro",the meeting of leo i and attila (detail),images/artworks/445.jpg,1646-53,marble,basilica di san pietro,vatican,821*850,grayscale,113 kb
446,"ALGARDI, Alessandro",the meeting of leo i and attila (detail),images/artworks/446.jpg,1646-53,marble,basilica di san pietro,vatican,905*1003,grayscale,142 kb
447,"ALGARDI, Alessandro",baptism of christ,images/artworks/447.jpg,1645-55,bronze,63 x 47 x 33 cm,"museum of art, cleveland",1474*1800,true color,283 kb
448,"ALGARDI, Alessandro",beheading of st paul,images/artworks/448.jpg,c. 1650,marble,height 286 cm,"san paolo maggiore, bologna",850*1090,true color,153 kb
449,"ALGARDI, Alessandro",crucifixion,images/artworks/449.jpg,c. 1650,stucco,san giovanni in laterano,rome,1800*1460,true color,285 kb
450,"ALGARDI, Alessandro",pope innocent x,images/artworks/450.jpg,1645-49,bronze,musei capitolini,rome,1494*2000,true color,275 kb
451,"ALGARDI, Alessandro",pope innocent x,images/artworks/451.jpg,1645-49,photo,musei capitolini,rome,1600*1200,true color,184 kb
452,"ALGARDI, Alessandro",st john the evangelist,images/artworks/452.jpg,1629,stucco,over life-size,"san silvestro al quirinale, rome",600*1320,true color,150 kb
453,"ALGARDI, Alessandro",st mary magdalene,images/artworks/453.jpg,1629,stucco,over life-size,"san silvestro al quirinale, rome",601*1296,true color,144 kb
454,"ALGARDI, Alessandro",st philip neri,images/artworks/454.jpg,1636-38,marble,height c. 300 cm,"santa maria in vallicella, rome",770*1174,grayscale,79 kb
455,"ALGARDI, Alessandro",vision of st nicholas,images/artworks/455.jpg,1651-55,marble,san nicola da tolentino,rome,750*1102,grayscale,115 kb
456,"ALGARDI, Alessandro",sleep,images/artworks/456.jpg,c. 1635,black marble,48 x 90 cm,"galleria borghese, rome",850*835,true color,88 kb
457,"ALGARDI, Alessandro",st michael overcoming the devil,images/artworks/457.jpg,1640s,bronze,museo civico,bologna,1425*1900,true color,247 kb
458,"ALGARDI, Alessandro",athena,images/artworks/458.jpg,1631 (restored),marble,museo nazionale romano,"palazzo altemps, rome",1400*2100,true color,171 kb
459,"ALGARDI, Alessandro",heracles and the hydra,images/artworks/459.jpg,-,bronze,height 32 cm,"szépmûvészeti múzeum, budapest",680*802,grayscale,80 kb
460,"ALGARDI, Alessandro",general view,images/artworks/460.jpg,c. 1650,photo,villa doria pamphili,rome,1300*975,true color,238 kb
461,"ALGARDI, Alessandro",general view,images/artworks/461.jpg,c. 1650,photo,villa doria pamphili,rome,1325*900,true color,184 kb
462,"ALGARDI, Alessandro",monument of pope leo xi,images/artworks/462.jpg,1634-44,marble,basilica di san pietro,vatican,801*1082,true color,190 kb
463,"ALGARDI, Alessandro",pope innocent x,images/artworks/463.jpg,1645-49,photo,musei capitolini,rome,1200*901,true color,129 kb
464,"ALGARDI, Alessandro",monument of pope leo xi,images/artworks/464.jpg,1634-44,marble,basilica di san pietro,vatican,750*1140,grayscale,114 kb
465,"ALGARDI, Alessandro",bust of cardinal giovanni garzia mellini,images/artworks/465.jpg,1637-38,marble,life-size,"santa maria del popolo, rome",2100*1550,true color,259 kb
466,"ALGARDI, Alessandro",monument of pope leo xi,images/artworks/466.jpg,1634-44,marble,basilica di san pietro,vatican,1900*1425,true color,285 kb
467,"ALGARDI, Alessandro",bust of bishop ulpiano volpi,images/artworks/467.jpg,1640s,bronze,height 58 cm,"museo poldi pezzoli, milan",1000*1071,true color,99 kb
468,"ALGARDI, Alessandro",bust of a member of the pamphilj family,images/artworks/468.jpg,after 1644,marble,galleria doria pamphilj,rome,861*853,true color,167 kb
469,"ALGARDI, Alessandro",bust of elisabetta contucci coli,images/artworks/469.jpg,1648,marble,san domenico,perugia,1600*1189,true color,256 kb
470,"ALGARDI, Alessandro",bust of monsignor antonio cerri,images/artworks/470.jpg,1637-40,marble,height 86 cm,"city art gallery, manchester",1200*1600,true color,182 kb
471,"ALGARDI, Alessandro",bust of pope innocent x,images/artworks/471.jpg,1640s,marble,galleria doria pamphilj,rome,1499*2100,true color,227 kb
472,"ALGARDI, Alessandro",bust of pope innocent x (detail),images/artworks/472.jpg,1640s,marble,galleria doria pamphilj,rome,602*806,true color,93 kb
473,"ALGARDI, Alessandro",bust of pope innocent x,images/artworks/473.jpg,after 1647,bronze and porphyry,galleria doria pamphilj,rome,1230*1800,true color,277 kb
474,"ALGARDI, Alessandro",pope innocent x,images/artworks/474.jpg,1640s,bronze,78 x 82 cm (without base),"museum of art, cleveland",1792*2100,true color,234 kb
475,"ALGARDI, Alessandro",cardinal laudivio zacchia,images/artworks/475.jpg,1626,marble,staatliche museen,berlin,1785*2100,true color,235 kb
476,"ALGARDI, Alessandro",bust of donna olimpia maidalchini,images/artworks/476.jpg,1646-47,marble,height 70 cm,"galleria doria pamphilj, rome",1383*2100,true color,248 kb
477,"ALGARDI, Alessandro",monument of odoardo santarelli,images/artworks/477.jpg,c. 1640,marble,santa maria maggiore,rome,1700*1649,true color,284 kb
478,"ALGARDI, Alessandro",tomb of giovanni savenier and his cousin,images/artworks/478.jpg,1638,marble,santa maria dell'anima,rome,1600*1200,true color,178 kb
479,"ALGARDI, Alessandro",cardinal laudivio zacchia (detail),images/artworks/479.jpg,1626,marble,staatliche museen,berlin,600*800,true color,111 kb
480,"ALGARDI, Alessandro","monuments to muzio, roberto and lelio frangipane",images/artworks/480.jpg,1630-38,marble,san marcello al corso,rome,900*641,true color,137 kb
481,"ALGARDI, Alessandro",bust of a saint,images/artworks/481.jpg,1650s,bronze,santi vittore e carlo,genoa,1253*1600,true color,241 kb
482,"ALGARDI, Alessandro",bust of a saint,images/artworks/482.jpg,1650s,bronze,santi vittore e carlo,genoa,1216*1600,true color,205 kb
483,"ALGARDI, Alessandro",bust of cardinal paolo emilio zacchia,images/artworks/483.jpg,c. 1650,terracotta,height 83 cm,"victoria and albert museum, london",1769*1900,true color,293 kb
484,"ALGARDI, Alessandro",st john the evangelist,images/artworks/484.jpg,1640-50,bronze,height 70 cm,"santi vittore e carlo, genoa",674*885,grayscale,92 kb
485,"ALGARDI, Alessandro",bust of a saint,images/artworks/485.jpg,1650s,bronze,santi vittore e carlo,genoa,1368*1800,true color,174 kb
486,"ALGARDI, Alessandro",bust of a saint,images/artworks/486.jpg,1650s,bronze,santi vittore e carlo,genoa,1091*1900,true color,185 kb
487,"ALGARDI, Alessandro",bust of a saint,images/artworks/487.jpg,1650s,bronze,santi vittore e carlo,genoa,1273*1600,true color,253 kb
488,"ALGARDI, Alessandro",bust of roberto frangipane,images/artworks/488.jpg,1630-38,marble,san marcello al corso,rome,1486*1900,true color,307 kb
489,"ALGARDI, Alessandro",bust of muzio frangipane,images/artworks/489.jpg,1630-38,marble,san marcello al corso,rome,1364*1900,true color,222 kb
490,"ALGARDI, Alessandro",bust of lelio frangipane,images/artworks/490.jpg,1630-38,marble,san marcello al corso,rome,1572*1900,true color,245 kb
491,"ALGARDI, Alessandro",tomb of giacomo franzone,images/artworks/491.jpg,1650s,marble,santi vittore e carlo,genoa,1200*1600,true color,278 kb
492,"ALGARDI, Alessandro",monument of pope leo xi,images/artworks/492.jpg,1634-44,marble,basilica di san pietro,vatican,900*1313,true color,219 kb
493,"ALINCBROT, Louis",scenes from the life of christ,images/artworks/493.jpg,1440s,oil on panel,78 x 67 cm,"museo del prado, madrid",950*1058,true color,207 kb
494,"ALLAR, André-Joseph",the goodbyes of alcestis,images/artworks/494.jpg,-,white marble,72 x 66 cm,private collection,1000*1049,true color,119 kb
495,"ALLAR, André-Joseph",the goodbyes of alcestis,images/artworks/495.jpg,-,white marble,72 x 66 cm,private collection,638*803,true color,101 kb
496,"ALLAR, André-Joseph",the goodbyes of alcestis (detail),images/artworks/496.jpg,-,white marble,private collection,,811*1079,true color,121 kb
497,"ALLAR, André-Joseph",the death of alcestis,images/artworks/497.jpg,1881,marble,165 x 100 x 150 cm,"jardin de l'éveché, lisieux",730*1000,true color,72 kb
498,"ALLAR, André-Joseph",child from abruzzo,images/artworks/498.jpg,1883,bronze,height 128 cm,"musée d'orsay, paris",670*900,true color,40 kb
499,"ALLAR, André-Joseph",pierre guillaume frédéric le play,images/artworks/499.jpg,1906,bronze,jardin du luxembourg,paris,1000*1333,true color,182 kb
